date,commit,backend_line,backend_branch,frontend_line,frontend_branch
2026-09-30,7ef42f88,72.64,73.09,87.94,76.93
2026-10-01,b3f24d2a,72.64,73.09,87.93,76.93
2026-10-01,d568e3af,72.64,73.09,88.38,77.18
2026-10-01,bd04e574,72.69,69.80,87.99,77.08
2026-10-01,e803a8b0,72.69,69.80,87.74,76.90
2026-10-01,62b35882,72.69,69.80,87.92,78.29
2026-10-01,79ec3ec8,72.83,69.80,87.92,78.29
2026-10-02,caa904ae,73.33,71.37,87.92,78.29
2026-10-02,d6d184c2,74.11,72.19,87.92,78.29
2026-10-02,a3c9105d,74.11,72.19,87.92,78.29
