GROUP,PACKAGE,CLASS,INSTRUCTION_MISSED,INSTRUCTION_COVERED,BRANCH_MISSED,BRANCH_COVERED,LINE_MISSED,LINE_COVERED,COMPLEXITY_MISSED,COMPLEXITY_COVERED,METHOD_MISSED,METHOD_COVERED
LeMarketJames Holdings Service,com.lemarketjames.holdings,HoldingsController,0,52,0,0,0,18,0,3,0,3
LeMarketJames Holdings Service,com.lemarketjames.holdings,HoldingsSettlementController.Outcome,6,0,0,0,1,0,1,0,1,0
LeMarketJames Holdings Service,com.lemarketjames.holdings,HoldingsSettlementController,9,6,0,0,1,3,1,1,1,1
LeMarketJames Holdings Service,com.lemarketjames.holdings,HoldingsValidationInternalController,0,35,0,0,0,14,0,2,0,2
LeMarketJames Holdings Service,com.lemarketjames.holdings,HoldingsExceptionHandler,36,15,4,0,10,4,4,2,2,2
LeMarketJames Holdings Service,com.lemarketjames.holdings.dto,SettlementRequest.OrderType,0,15,0,0,0,1,0,1,0,1
LeMarketJames Holdings Service,com.lemarketjames.holdings.dto,SettlementRequest,0,45,0,0,0,19,0,13,0,13
LeMarketJames Holdings Service,com.lemarketjames.holdings.dto,ValidateHoldingRequest,0,36,0,0,0,15,0,8,0,8
LeMarketJames Holdings Service,com.lemarketjames.holdings.dto,InternalHoldingsValidationRequest,0,31,0,0,0,13,0,9,0,9
LeMarketJames Holdings Service,com.lemarketjames.holdings.dto,HoldingDto,35,51,0,0,17,18,9,9,9,9
LeMarketJames Holdings Service,com.lemarketjames.holdings.dto,HoldingsResponse,27,18,0,0,12,7,5,4,5,4
LeMarketJames Holdings Service,com.lemarketjames.portfolio,PortfolioController,0,18,0,0,0,5,0,2,0,2
LeMarketJames Holdings Service,com.lemarketjames.portfolio,PortfolioService,36,204,1,7,5,42,4,11,3,8
LeMarketJames Holdings Service,com.lemarketjames,HoldingsServiceApplication,5,3,0,0,2,1,1,1,1,1
LeMarketJames Holdings Service,com.lemarketjames.trades.dto,TradeDto,9,24,0,0,3,9,3,3,3,3
LeMarketJames Holdings Service,com.lemarketjames.portfolio.dto,PortfolioBalance,0,57,0,0,0,20,0,10,0,10
LeMarketJames Holdings Service,com.lemarketjames.portfolio.dto,PortfolioResponse,0,15,0,0,0,6,0,3,0,3
LeMarketJames Holdings Service,com.lemarketjames.trades,TradeController,10,6,0,0,2,3,1,1,1,1
LeMarketJames Holdings Service,com.lemarketjames.trades,TradeService,0,79,0,2,0,19,0,7,0,6
LeMarketJames Holdings Service,com.lemarketjames.profile,ProfileService,12,63,0,0,0,19,2,3,2,3
LeMarketJames Holdings Service,com.lemarketjames.profile,ProfileController,9,6,0,0,2,3,1,1,1,1
LeMarketJames Holdings Service,com.lemarketjames.holdings.entity,SettlementReceipt,0,72,4,6,0,10,4,5,0,4
LeMarketJames Holdings Service,com.lemarketjames.holdings.entity,HoldingsEntity,29,56,1,3,13,18,9,10,8,9
LeMarketJames Holdings Service,com.lemarketjames.holdings.service,HoldingsService,11,190,1,5,2,41,1,12,0,10
LeMarketJames Holdings Service,com.lemarketjames.holdings.service,HoldingsSettlementService,32,345,2,26,6,65,5,19,3,7
LeMarketJames Holdings Service,com.lemarketjames.holdings.exception,InsufficientHoldingsException,0,4,0,0,0,2,0,1,0,1
LeMarketJames Holdings Service,com.lemarketjames.holdings.exception,UnauthorizedException,0,4,0,0,0,2,0,1,0,1
LeMarketJames Holdings Service,com.lemarketjames.config,SecurityConfig,0,109,0,0,0,21,0,8,0,8
LeMarketJames Holdings Service,com.lemarketjames.profile.dto,ProfileDto,9,48,0,0,3,17,3,7,3,7
LeMarketJames Holdings Service,com.lemarketjames.orders.client,OrdersClient,10,83,2,4,2,21,1,7,0,5
LeMarketJames Holdings Service,com.lemarketjames.orders.client,OrderSummary,1,43,1,1,1,5,1,4,0,4
